Customer Name,Recently (Days),Frequency,Monetary,R_Score,F_Score,M_Score,Y_(F+M)/2,Segment,Business_Impact
Aaron Bergman,416,3,295.38533333333334,1,1,2,1.5,Lost,1
Aaron Hawkins,12,7,249.24285714285716,5,3,2,2.5,Potential Loyalists,4
Aaron Smayling,88,7,435.81314285714285,3,3,3,3.0,Need Attention,2
Adam Bellavance,54,8,1107.9457142857143,3,4,5,4.5,Loyal Customers,5
Adam Hart,34,10,325.0337,4,5,3,4.0,Loyal Customers,5
Adam Shillingsburg,28,9,361.7011111111111,4,5,3,4.0,Loyal Customers,5
Adrian Barton,41,10,1447.3570999999997,4,5,5,5.0,Loyal Customers,5
Adrian Hane,60,7,247.93057142857145,3,3,2,2.5,About to Sleep,2
Adrian Shami,41,2,29.41,4,1,1,1.0,Promising,3
Aimee Bixby,41,5,193.342,4,2,1,1.5,Promising,3
Alan Barnes,25,8,139.22975,5,4,1,2.5,Potential Loyalists,4
Alan Dominguez,29,8,763.36,4,4,5,4.5,Loyal Customers,5
Alan Haines,55,4,396.863,3,1,3,2.0,About to Sleep,2
Alan Hwang,6,9,533.9271111111111,5,5,4,4.5,Champions,5
Alan Schoenberger,22,5,852.1568,5,2,5,3.5,Potential Loyalists,4
Alan Shonely,192,7,83.51542857142859,2,3,1,2.0,Hibernating,1
Alejandro Ballentine,166,9,114.31649999999999,2,5,1,3.0,At Risk,2
Alejandro Grove,278,5,516.5796,1,2,4,3.0,At Risk,2
Alejandro Savely,19,6,803.559,5,3,5,4.0,Champions,5
Aleksandra Gannaway,118,4,91.887,2,1,1,1.0,Lost,1
Alex Avila,184,5,1112.712,2,2,5,3.5,At Risk,2
Alex Grayson,8,5,330.486,5,2,3,2.5,Potential Loyalists,4
Alex Russell,111,4,351.89799999999997,2,1,3,2.0,Hibernating,1
Alice McCarthy,28,5,162.80239999999998,4,2,1,1.5,Promising,3
Allen Armold,19,9,117.37666666666668,5,5,1,3.0,Potential Loyalists,4
Allen Goldenen,114,5,40.189,2,2,1,1.5,Lost,1
Allen Rosenblatt,125,5,447.22560000000004,2,2,3,2.5,Hibernating,1
Alyssa Crouse,232,3,308.59999999999997,1,1,2,1.5,Lost,1
Alyssa Tate,21,6,195.30233333333334,5,3,2,2.5,Potential Loyalists,4
Amy Cox,11,7,789.6922857142856,5,3,5,4.0,Champions,5
Amy Hunt,230,5,623.8479,1,2,4,3.0,At Risk,2
Andrew Allen,259,4,447.62800000000004,1,1,3,2.0,Hibernating,1
Andrew Gjertsen,78,8,392.80916666666667,3,4,3,3.5,Need Attention,2
Andrew Roberts,14,5,66.21600000000001,5,2,1,1.5,New Customers,3
Andy Gerbode,845,4,485.0126666666667,1,1,4,2.5,Hibernating,1
Andy Reiter,6,6,1101.4080000000001,5,3,5,4.0,Champions,5
Andy Yotov,14,4,124.2535,5,1,1,1.0,New Customers,3
Anemone Ratner,535,1,88.15,1,1,1,1.0,Lost,1
Angele Hood,21,4,184.626,5,1,1,1.0,New Customers,3
Ann Blume,50,4,378.9655,4,1,3,2.0,Potential Loyalists,4
Ann Chong,6,5,507.5371999999999,5,2,4,3.0,Potential Loyalists,4
Ann Steele,92,7,119.05685714285714,3,3,1,2.0,About to Sleep,2
Anna Andreadi,55,6,847.8224999999999,3,3,5,4.0,Loyal Customers,5
Anna Chung,282,5,131.4632,1,2,1,1.5,Lost,1
Anna Gayman,97,7,581.5066,3,3,4,3.5,Need Attention,2
Anna Häberlin,411,12,788.8294,1,5,5,5.0,Can't Lose Them,4
Anne McFarland,162,8,944.0036666666666,2,4,5,4.5,At Risk,2
Anne Pryor,41,8,234.07914285714287,4,4,2,3.0,Potential Loyalists,4
Annie Thurman,13,10,383.1864,5,5,3,4.0,Champions,5
Annie Zypern,160,6,324.4036,2,3,3,3.0,At Risk,2
Anthony Garverick,77,4,42.646,3,1,1,1.0,About to Sleep,2
Anthony Jacobs,75,7,695.3348571428571,3,3,5,4.0,Loyal Customers,5
Anthony Johnson,166,7,750.2318333333333,2,3,5,4.0,At Risk,2
Anthony O'Donnell,502,1,161.28,1,1,1,1.0,Lost,1
Anthony Rawles,58,8,646.1908571428572,3,4,4,4.0,Loyal Customers,5
Anthony Witt,20,4,162.344,5,1,1,1.0,New Customers,3
Arianne Irving,13,10,486.1984444444445,5,5,4,4.5,Champions,5
Art Ferguson,41,7,410.5816,4,3,3,3.0,Potential Loyalists,4
Art Foster,416,4,215.39125,1,1,2,1.5,Lost,1
Arthur Gainer,96,10,644.3995714285713,3,5,4,4.5,Loyal Customers,5
Arthur Prichep,98,10,369.284,3,5,3,4.0,Loyal Customers,5
Arthur Wiediger,46,7,407.56685714285715,4,3,3,3.0,Potential Loyalists,4
Ashley Jarboe,85,7,262.74857142857144,3,3,2,2.5,About to Sleep,2
Astrea Jones,74,3,209.7493333333333,3,1,2,1.5,About to Sleep,2
Barbara Fisher,91,7,99.96633333333334,3,3,1,2.0,About to Sleep,2
Barry Blumstein,105,5,148.868,2,2,1,1.5,Lost,1
Barry Franz,39,4,333.47,4,1,3,2.0,Potential Loyalists,4
Barry Französisch,74,8,412.6437142857143,3,4,3,3.5,Need Attention,2
Barry Gonzalez,28,8,349.8685,4,4,3,3.5,Potential Loyalists,4
Barry Pond,83,5,196.684,3,2,2,2.0,About to Sleep,2
Barry Weirich,212,3,128.50533333333334,2,1,1,1.0,Lost,1
Bart Folk,25,3,90.98333333333333,5,1,1,1.0,New Customers,3
Bart Pistole,17,12,203.50366666666665,5,5,2,3.5,Potential Loyalists,4
Bart Watters,121,8,678.6225714285714,2,4,4,4.0,At Risk,2
Becky Castell,202,9,325.964,2,5,3,4.0,At Risk,2
Becky Martin,308,4,2947.4075,1,1,5,3.0,At Risk,2
Becky Pak,89,6,282.97683333333333,3,3,2,2.5,About to Sleep,2
Ben Ferrer,16,11,656.4413333333333,5,5,4,4.5,Champions,5
Ben Peterman,1,9,525.1229999999999,5,5,4,4.5,Champions,5
Ben Wallace,203,6,434.6015,2,3,3,3.0,At Risk,2
Benjamin Farhat,65,4,396.2905,3,1,3,2.0,About to Sleep,2
Benjamin Patterson,39,5,236.298,4,2,2,2.0,Potential Loyalists,4
Benjamin Venier,335,5,304.6546,1,2,2,2.0,Hibernating,1
Berenike Kampe,77,6,109.85633333333332,3,3,1,2.0,About to Sleep,2
Beth Fritzler,57,3,263.9966666666666,3,1,2,1.5,About to Sleep,2
Beth Paige,12,7,353.5938571428572,5,3,3,3.0,Potential Loyalists,4
Beth Thompson,337,5,641.914,1,2,4,3.0,At Risk,2
Bill Donatelli,33,12,519.8655454545454,4,5,4,4.5,Loyal Customers,5
Bill Eplett,119,5,840.9352000000001,2,2,5,3.5,At Risk,2
Bill Overfelt,137,5,536.5456,2,2,4,3.0,At Risk,2
Bill Shonely,559,5,2100.3306000000002,1,2,5,3.5,At Risk,2
Bill Stewart,28,5,777.5668,4,2,5,3.5,Potential Loyalists,4
Bill Tyler,302,6,364.43550000000005,1,3,3,3.0,At Risk,2
Bobby Elias,98,5,452.2876,3,2,3,2.5,About to Sleep,2
Bobby Odegard,75,2,65.415,3,1,1,1.0,About to Sleep,2
Bobby Trafton,561,4,150.969,1,1,1,1.0,Lost,1
Brad Eason,254,6,345.5304,1,3,3,3.0,At Risk,2
Brad Norvell,24,4,66.324,5,1,1,1.0,New Customers,3
Brad Thomas,660,2,207.59799999999998,1,1,2,1.5,Lost,1
Bradley Drucker,35,6,735.2071666666666,4,3,5,4.0,Loyal Customers,5
Bradley Nguyen,9,5,291.8688,5,2,2,2.0,Potential Loyalists,4
Bradley Talbott,91,5,536.8983999999999,3,2,4,3.0,Need Attention,2
Brenda Bowman,28,9,845.716,4,5,5,5.0,Loyal Customers,5
Brendan Dodson,278,2,160.27,1,1,1,1.0,Lost,1
Brendan Murry,100,6,134.69366666666667,3,3,1,2.0,About to Sleep,2
Brendan Sweed,35,6,409.1546666666666,4,3,3,3.0,Potential Loyalists,4
Brian Dahlen,97,7,469.78157142857145,3,3,3,3.0,Need Attention,2
Brian DeCherney,69,6,307.62199999999996,3,3,2,2.5,About to Sleep,2
Brian Derr,9,3,194.21533333333332,5,1,1,1.0,New Customers,3
Brian Moss,33,11,911.773125,4,5,5,5.0,Loyal Customers,5
Brian Stugart,583,3,1096.0366666666666,1,1,5,3.0,At Risk,2
Brian Thompson,20,7,532.792,5,3,4,3.5,Potential Loyalists,4
Brooke Gillingham,36,6,312.362,4,3,2,2.5,Potential Loyalists,4
Brosina Hoffman,23,8,781.918875,5,4,5,4.5,Champions,5
Bruce Degenhardt,93,6,254.41666666666666,3,3,2,2.5,About to Sleep,2
Bruce Geld,57,6,167.726,3,3,1,2.0,About to Sleep,2
Bruce Stewart,1,7,366.0545714285714,5,3,3,3.0,Potential Loyalists,4
Bryan Davis,328,6,109.74433333333333,1,3,1,2.0,Hibernating,1
Bryan Mills,218,10,133.88420000000002,2,5,1,3.0,At Risk,2
Bryan Spruell,265,2,474.71500000000003,1,1,4,2.5,Hibernating,1
Candace McMahon,131,6,278.98133333333334,2,3,2,2.5,Hibernating,1
Cari Sayre,91,5,255.7908,3,2,2,2.0,About to Sleep,2
Cari Schnelling,162,6,107.5264,2,3,1,2.0,Hibernating,1
Carl Jackson,366,1,16.52,1,1,1,1.0,Lost,1
Carl Ludwig,106,4,315.50350000000003,2,1,2,1.5,Lost,1
Carl Weiss,22,6,189.43200000000002,5,3,1,2.0,Potential Loyalists,4
Carlos Daly,40,5,406.7936,4,2,3,2.5,Potential Loyalists,4
Carlos Meador,708,2,282.696,1,1,2,1.5,Lost,1
Carlos Soltero,25,11,276.0497272727273,5,5,2,3.5,Potential Loyalists,4
Carol Adams,96,6,631.6204666666666,3,3,4,3.5,Need Attention,2
Carol Darley,54,3,213.2553333333333,3,1,2,1.5,About to Sleep,2
Carol Triggs,96,8,463.1282857142857,3,4,3,3.5,Need Attention,2
Caroline Jumper,189,8,1395.62175,2,4,5,4.5,At Risk,2
Cassandra Brandow,47,10,868.0198571428572,4,5,5,5.0,Loyal Customers,5
Catherine Glotzbach,49,6,150.7446666666667,4,3,1,2.0,Potential Loyalists,4
Cathy Armstrong,402,5,419.93100000000004,1,2,3,2.5,Hibernating,1
Cathy Hwang,691,3,512.412,1,1,4,2.5,Hibernating,1
Cathy Prescott,82,8,675.28175,3,4,4,4.0,Loyal Customers,5
Chad Cunningham,458,6,354.18899999999996,1,3,3,3.0,At Risk,2
Chad McGuire,8,4,415.40250000000003,5,1,3,2.0,Potential Loyalists,4
Chad Sievert,490,4,221.16,1,1,2,1.5,Lost,1
Charles Crestani,106,7,494.33000000000004,2,3,4,3.5,At Risk,2
Charles McCrossin,26,6,422.219,5,3,3,3.0,Potential Loyalists,4
Charles Sheldon,232,5,168.8916,1,2,1,1.5,Lost,1
Charlotte Melton,8,6,245.85733333333334,5,3,2,2.5,Potential Loyalists,4
Chloris Kastensmidt,39,13,286.805,4,5,2,3.5,Potential Loyalists,4
Chris Cortes,20,12,355.76527272727276,5,5,3,4.0,Champions,5
Chris McAfee,386,5,576.428,1,2,4,3.0,At Risk,2
Chris Selesnick,26,12,250.38327272727273,5,5,2,3.5,Potential Loyalists,4
Christina Anderson,56,9,331.0359,3,5,3,4.0,Loyal Customers,5
Christina DeMoss,42,2,1205.584,4,1,5,3.0,Potential Loyalists,4
Christina VanderZanden,254,5,566.1256,1,2,4,3.0,At Risk,2
Christine Abelman,13,4,473.98466666666667,5,1,4,2.5,Potential Loyalists,4
Christine Kargatis,120,5,589.0642,2,2,4,3.0,At Risk,2
Christine Phan,160,8,841.1821428571428,2,4,5,4.5,At Risk,2
Christine Sundaresam,6,11,355.7957777777778,5,5,3,4.0,Champions,5
Christopher Conant,43,5,3032.2680000000005,4,2,5,3.5,Potential Loyalists,4
Christopher Martinez,37,4,2238.5049999999997,4,1,5,3.0,Potential Loyalists,4
Christopher Schild,2,9,456.48231250000003,5,5,3,4.0,Champions,5
Christy Brittain,26,8,243.65,5,4,2,3.0,Potential Loyalists,4
Chuck Clark,0,10,358.75625,5,5,3,4.0,Champions,5
Chuck Magee,437,3,95.99666666666667,1,1,1,1.0,Lost,1
Chuck Sachs,27,2,275.322,4,1,2,1.5,Promising,3
Cindy Chapman,39,9,237.06257142857143,4,5,2,3.5,Potential Loyalists,4
Cindy Schnelling,425,4,269.307125,1,1,2,1.5,Lost,1
Cindy Stewart,58,6,1138.011,3,3,5,4.0,Loyal Customers,5
Claire Gute,339,3,382.92666666666673,1,1,3,2.0,Hibernating,1
Claudia Bergmann,197,8,606.6365,2,4,4,4.0,At Risk,2
Clay Cheatham,27,3,56.916,4,1,1,1.0,Promising,3
Clay Ludtke,284,12,1208.9495555555557,1,5,5,5.0,Can't Lose Them,4
Clay Rozendal,57,4,537.213,3,1,4,2.5,About to Sleep,2
Clytie Kelty,43,11,237.275,4,5,2,3.5,Potential Loyalists,4
Corey Catlett,34,7,362.94728571428567,4,3,3,3.0,Potential Loyalists,4
Corey Roper,471,3,158.63333333333333,1,1,1,1.0,Lost,1
Corey-Lock,550,5,260.0152,1,2,2,2.0,Hibernating,1
Corinna Mitchell,27,6,1056.5929333333333,4,3,5,4.0,Loyal Customers,5
Craig Carreira,29,7,324.24307142857145,4,3,3,3.0,Potential Loyalists,4
Craig Carroll,799,4,713.5287500000001,1,1,5,3.0,At Risk,2
Craig Leslie,105,5,470.71719999999993,2,2,3,2.5,Hibernating,1
Craig Molinari,1035,4,996.1131,1,1,5,3.0,At Risk,2
Craig Reiter,78,4,400.1375,3,1,3,2.0,About to Sleep,2
Craig Yedwab,60,8,414.2894285714286,3,4,3,3.5,Need Attention,2
Cyma Kinney,82,9,197.763625,3,5,2,3.5,Need Attention,2
Cynthia Arntzen,120,7,434.50942857142854,2,3,3,3.0,At Risk,2
Cynthia Delaney,400,5,372.14639999999997,1,2,3,2.5,Hibernating,1
Cynthia Voltz,5,9,296.2892,5,5,2,3.5,Potential Loyalists,4
Cyra Reiten,85,3,465.9574666666667,3,1,3,2.0,About to Sleep,2
Damala Kotsonis,21,12,271.37333333333333,5,5,2,3.5,Potential Loyalists,4
Dan Campbell,37,9,417.021,4,5,3,4.0,Loyal Customers,5
Dan Lawera,100,8,187.889,3,4,1,2.5,About to Sleep,2
Dan Reichenbach,3,9,816.0042500000001,5,5,5,5.0,Champions,5
Dana Kaydos,45,5,1070.544,4,2,5,3.5,Potential Loyalists,4
Daniel Byrd,21,8,310.2284285714286,5,4,2,3.0,Potential Loyalists,4
Daniel Lacy,57,6,545.3666666666667,3,3,4,3.5,Need Attention,2
Daniel Raglin,50,8,1043.8585,4,4,5,4.5,Loyal Customers,5
Dario Medina,114,7,188.86200000000002,2,3,1,2.0,Hibernating,1
Darren Budd,241,5,567.8454399999999,1,2,4,3.0,At Risk,2
Darren Koutras,7,5,337.408,5,2,3,2.5,Potential Loyalists,4
Darren Powers,126,9,116.73733333333332,2,5,1,3.0,At Risk,2
Darrin Martin,57,7,906.4432857142857,3,3,5,4.0,Loyal Customers,5
Darrin Sayre,93,4,440.55325,3,1,3,2.0,About to Sleep,2
Darrin Van Huff,19,5,279.87075,5,2,2,2.0,Potential Loyalists,4
Dave Brooks,16,7,647.3779999999999,5,3,4,3.5,Potential Loyalists,4
Dave Hallsten,277,6,986.5744000000001,1,3,5,4.0,At Risk,2
Dave Kipp,42,7,441.75949999999995,4,3,3,3.0,Potential Loyalists,4
Dave Poirier,6,8,316.4288571428571,5,4,2,3.0,Potential Loyalists,4
David Bremer,48,7,594.6188,4,3,4,3.5,Potential Loyalists,4
David Flashing,700,3,796.8446666666667,1,1,5,3.0,At Risk,2
David Kendrick,10,2,398.916,5,1,3,2.0,Potential Loyalists,4
David Philippe,812,2,529.308,1,1,4,2.5,Hibernating,1
David Smith,23,9,360.2266,5,5,3,4.0,Champions,5
David Wiener,69,6,180.12516666666667,3,3,1,2.0,About to Sleep,2
Dean Braden,9,10,291.572125,5,5,2,3.5,Potential Loyalists,4
Dean Katz,10,9,533.5993333333333,5,5,4,4.5,Champions,5
Dean percer,84,11,799.8623333333333,3,5,5,5.0,Loyal Customers,5
Deanra Eno,719,5,510.17479999999995,1,2,4,3.0,At Risk,2
Deborah Brumfield,53,8,665.1281428571428,4,4,4,4.0,Loyal Customers,5
Debra Catini,23,5,234.9236,5,2,2,2.0,Potential Loyalists,4
Deirdre Greer,32,5,639.1636000000001,4,2,4,3.0,Potential Loyalists,4
Delfina Latchford,22,8,208.32257142857142,5,4,2,3.0,Potential Loyalists,4
Denise Leinenbach,57,4,146.255,3,1,1,1.0,About to Sleep,2
Denise Monton,22,8,679.0786666666667,5,4,4,4.0,Champions,5
Dennis Bolton,264,5,216.29319999999998,1,2,2,2.0,Hibernating,1
Dennis Kane,19,8,553.081,5,4,4,4.0,Champions,5
Dennis Pardue,359,9,685.0904999999999,1,5,5,5.0,Can't Lose Them,4
Denny Blanton,187,4,427.923,2,1,3,2.0,Hibernating,1
Denny Joy,638,4,670.84,1,1,4,2.5,Hibernating,1
Denny Ordway,133,9,162.5039375,2,5,1,3.0,At Risk,2
Dianna Arnett,353,4,52.25333333333333,1,1,1,1.0,Lost,1
Dianna Vittorini,29,6,556.9311666666666,4,3,4,3.5,Potential Loyalists,4
Dianna Wilson,217,5,1054.3256,2,2,5,3.5,At Risk,2
Dionis Lloyd,76,8,505.6174285714286,3,4,4,4.0,Loyal Customers,5
Don Jones,48,8,357.38399999999996,4,4,3,3.5,Potential Loyalists,4
Don Miller,482,3,458.93066666666664,1,1,3,2.0,Hibernating,1
Don Weiss,98,5,68.816,3,2,1,1.5,About to Sleep,2
Dorothy Badders,107,7,651.4671333333333,2,3,4,3.5,At Risk,2
Dorothy Dickinson,41,6,44.92366666666666,4,3,1,2.0,Potential Loyalists,4
Dorothy Wardle,242,7,172.122,1,3,1,2.0,Hibernating,1
Dorris liebe,119,5,151.1204,2,2,1,1.5,Lost,1
Doug Bickford,33,7,284.15,4,3,2,2.5,Potential Loyalists,4
Doug Jacobs,12,3,1118.7993333333334,5,1,5,3.0,Potential Loyalists,4
Doug O'Connell,26,7,253.4632,5,3,2,2.5,Potential Loyalists,4
Duane Benoit,12,7,165.02885714285713,5,3,1,2.0,Potential Loyalists,4
Duane Huffman,776,4,260.774,1,1,2,1.5,Lost,1
Duane Noonan,217,7,356.63166666666666,2,3,3,3.0,At Risk,2
Ed Braxton,48,9,404.99755555555555,4,5,3,4.0,Loyal Customers,5
Ed Jacobs,302,4,540.5435,1,1,4,2.5,Hibernating,1
Ed Ludwig,77,2,62.14,3,1,1,1.0,About to Sleep,2
Edward Becker,35,10,359.5904444444444,4,5,3,4.0,Loyal Customers,5
Edward Hooks,135,12,937.3527272727274,2,5,5,5.0,Can't Lose Them,4
Edward Nazzal,287,4,549.8415,1,1,4,2.5,Hibernating,1
Eileen Kiefer,44,4,325.8695,4,1,3,2.0,Potential Loyalists,4
Eleni McCrary,132,5,513.4019999999999,2,2,4,3.0,At Risk,2
Elizabeth Moffitt,55,8,292.44975,3,4,2,3.0,Need Attention,2
Ellis Ballard,90,5,871.6256,3,2,5,3.5,Need Attention,2
Elpida Rittenbach,422,3,415.2626666666667,1,1,3,2.0,Hibernating,1
Emily Burns,100,10,276.7219,3,5,2,3.5,Need Attention,2
Emily Ducich,135,8,435.615,2,4,3,3.5,At Risk,2
Emily Grady,22,5,366.404,5,2,3,2.5,Potential Loyalists,4
Emily Phan,12,17,547.8060800000001,5,5,4,4.5,Champions,5
Eric Barreto,161,5,188.92000000000002,2,2,1,1.5,Lost,1
Eric Hoffmann,217,8,114.0285,2,4,1,2.5,Hibernating,1
Eric Murdock,151,5,311.23466666666667,2,2,2,2.0,Hibernating,1
Erica Bern,0,4,410.81375,5,1,3,2.0,Potential Loyalists,4
Erica Hackney,406,6,137.65833333333333,1,3,1,2.0,Hibernating,1
Erica Hernandez,2,7,203.255,5,3,2,2.5,Potential Loyalists,4
Erica Smith,40,5,702.0916,4,2,5,3.5,Potential Loyalists,4
Erin Ashbrook,152,13,284.6705,2,5,2,3.5,At Risk,2
Erin Creighton,53,5,92.3828,4,2,1,1.5,Promising,3
Erin Mull,47,4,57.2475,4,1,1,1.0,Promising,3
Erin Smith,28,9,517.5471111111111,4,5,4,4.5,Loyal Customers,5
Eudokia Martin,113,4,260.26050000000004,2,1,2,1.5,Lost,1
Eugene Barchas,113,6,614.2252000000001,2,3,4,3.5,At Risk,2
Eugene Hildebrand,152,10,342.517,2,5,3,4.0,At Risk,2
Eugene Moren,48,6,764.7393333333334,4,3,5,4.0,Loyal Customers,5
Eva Jacobs,57,5,531.3381999999999,3,2,4,3.0,Need Attention,2
Evan Bailliet,82,6,197.721,3,3,2,2.5,About to Sleep,2
Evan Henry,105,6,153.98066666666668,2,3,1,2.0,Hibernating,1
Evan Minnotte,158,3,122.274,2,1,1,1.0,Lost,1
Filia McAdams,7,10,272.9597777777778,5,5,2,3.5,Potential Loyalists,4
Frank Atkinson,97,7,426.2934285714286,3,3,3,3.0,Need Attention,2
Frank Carlisle,70,7,488.39171428571433,3,3,4,3.5,Need Attention,2
Frank Gastineau,34,7,230.524,4,3,2,2.5,Potential Loyalists,4
Frank Hawley,37,10,472.9191111111111,4,5,4,4.5,Loyal Customers,5
Frank Merwin,36,9,533.7425714285714,4,5,4,4.5,Loyal Customers,5
Frank Olsen,38,10,334.80475,4,5,3,4.0,Loyal Customers,5
Frank Preis,23,8,578.1065714285714,5,4,4,4.0,Champions,5
Fred Chung,184,7,648.2276666666667,2,3,4,3.5,At Risk,2
Fred Harton,212,4,567.821,2,1,4,2.5,Hibernating,1
Fred Hopkins,5,8,998.1708571428571,5,4,5,4.5,Champions,5
Fred McMath,145,9,315.40825,2,5,2,3.5,At Risk,2
Fred Wasserman,363,3,26.583333333333332,1,1,1,1.0,Lost,1
Gary Hansen,75,9,352.43337499999996,3,5,3,4.0,Loyal Customers,5
Gary Hwang,50,4,1390.948666666667,4,1,5,3.0,Potential Loyalists,4
Gary McGarr,83,7,511.83142857142855,3,3,4,3.5,Need Attention,2
Gary Mitchum,16,6,615.7248,5,3,4,3.5,Potential Loyalists,4
Gary Zandusky,7,9,483.9055555555556,5,5,4,4.5,Champions,5
Gene Hale,388,2,680.6220000000001,1,1,4,2.5,Hibernating,1
Gene McClure,106,10,139.52022222222223,2,5,1,3.0,At Risk,2
George Ashbrook,149,8,653.296,2,4,4,4.0,At Risk,2
George Bell,62,11,156.844,3,5,1,3.0,Need Attention,2
George Zrebassa,157,4,613.6555000000001,2,1,4,2.5,Hibernating,1
Georgia Rosenberg,1135,2,1284.38,1,1,5,3.0,At Risk,2
Giulietta Baptist,13,5,943.2575999999999,5,2,5,3.5,Potential Loyalists,4
Giulietta Dortch,5,4,472.0175,5,1,4,2.5,Potential Loyalists,4
Giulietta Weimer,28,7,312.717,4,3,2,2.5,Potential Loyalists,4
Grace Kelly,112,9,812.15875,2,5,5,5.0,Can't Lose Them,4
Grant Thornton,56,3,3117.0706666666665,3,1,5,3.0,Need Attention,2
Greg Guthrie,43,9,278.0,4,5,2,3.5,Potential Loyalists,4
Greg Hansen,2,2,73.47040000000001,5,1,1,1.0,New Customers,3
Greg Matthias,152,6,527.2713333333334,2,3,4,3.5,At Risk,2
Greg Maxwell,117,3,2016.6553333333334,2,1,5,3.0,At Risk,2
Greg Tran,36,11,1182.012,4,5,5,5.0,Loyal Customers,5
Guy Armstrong,5,11,127.12563636363637,5,5,1,3.0,Potential Loyalists,4
Guy Phonely,765,2,118.265,1,1,1,1.0,Lost,1
Guy Thornton,34,4,56.609,4,1,1,1.0,Promising,3
Hallie Redmond,13,5,259.8576,5,2,2,2.0,Potential Loyalists,4
Harold Dahlen,769,3,83.78666666666668,1,1,1,1.0,Lost,1
Harold Engle,12,4,220.88299999999998,5,1,2,1.5,New Customers,3
Harold Pawlan,30,7,284.33057142857143,4,3,2,2.5,Potential Loyalists,4
Harold Ryan,159,7,874.7978333333334,2,3,5,4.0,At Risk,2
Harry Greene,54,5,157.12560000000002,3,2,1,1.5,About to Sleep,2
Harry Marie,2,10,1029.5956,5,5,5,5.0,Champions,5
Heather Jas,126,5,89.525,2,2,1,1.5,Lost,1
Heather Kirkland,151,8,609.723,2,4,4,4.0,At Risk,2
Helen Abelman,69,7,360.55,3,3,3,3.0,Need Attention,2
Helen Andreada,20,8,369.16542857142855,5,4,3,3.5,Potential Loyalists,4
Helen Wasserman,117,8,1162.53175,2,4,5,4.5,At Risk,2
Henia Zydlo,35,5,221.63,4,2,2,2.0,Potential Loyalists,4
Henry Goldwyn,23,12,324.76419999999996,5,5,3,4.0,Champions,5
Henry MacAllister,247,4,245.42533333333333,1,1,2,1.5,Lost,1
Herbert Flentye,21,7,361.8805714285714,5,3,3,3.0,Potential Loyalists,4
Hilary Holden,72,2,109.334,3,1,1,1.0,About to Sleep,2
Hunter Glantz,6,7,527.1834285714286,5,3,4,3.5,Potential Loyalists,4
Hunter Lopez,43,6,2145.5496666666663,4,3,5,4.0,Loyal Customers,5
Ionia McGrath,410,3,957.5433333333334,1,1,5,3.0,At Risk,2
Irene Maddox,391,7,704.3534285714286,1,3,5,4.0,At Risk,2
Ivan Gibson,71,4,186.1435,3,1,1,1.0,About to Sleep,2
Ivan Liston,142,7,720.1051428571428,2,3,5,4.0,At Risk,2
Jack Garza,758,3,786.2253333333333,1,1,5,3.0,At Risk,2
Jack Lebron,8,6,242.9912,5,3,2,2.5,Potential Loyalists,4
Jack O'Briant,57,9,406.868625,3,5,3,4.0,Loyal Customers,5
James Galang,1,11,636.6392,5,5,4,4.5,Champions,5
James Lanier,6,5,314.3046,5,2,2,2.0,Potential Loyalists,4
Jamie Frazer,65,7,325.6551428571429,3,3,3,3.0,Need Attention,2
Jamie Kunitz,61,5,885.4284,3,2,5,3.5,Need Attention,2
Jane Waco,42,6,1930.4285,4,3,5,4.0,Loyal Customers,5
Janet Lee,119,5,440.73999999999995,2,2,3,2.5,Hibernating,1
Janet Martin,37,6,526.5203333333334,4,3,4,3.5,Potential Loyalists,4
Janet Molinari,37,5,360.8292,4,2,3,2.5,Potential Loyalists,4
Jas O'Carroll,92,6,322.3786666666667,3,3,2,2.5,About to Sleep,2
Jason Fortune-,225,5,238.781,1,2,2,2.0,Hibernating,1
Jason Gross,2,6,448.116,5,3,3,3.0,Potential Loyalists,4
Jason Klamczynski,287,3,127.93733333333334,1,1,1,1.0,Lost,1
Jasper Cacioppo,114,4,17.81575,2,1,1,1.0,Lost,1
Jay Fein,105,6,318.6406666666667,2,3,2,2.5,Hibernating,1
Jay Kimmel,44,8,387.0902857142857,4,4,3,3.5,Potential Loyalists,4
Jenna Caffey,175,1,1058.108,2,1,5,3.0,At Risk,2
Jennifer Braxton,7,10,199.06722222222223,5,5,2,3.5,Potential Loyalists,4
Jennifer Ferguson,2,6,395.24133333333333,5,3,3,3.0,Potential Loyalists,4
Jennifer Halladay,5,4,103.09366666666666,5,1,1,1.0,New Customers,3
Jennifer Jackson,484,5,141.8356,1,2,1,1.5,Lost,1
Jennifer Patt,37,7,238.44785714285715,4,3,2,2.5,Potential Loyalists,4
Jeremy Ellison,193,6,231.447,2,3,2,2.5,Hibernating,1
Jeremy Farry,121,11,98.4470909090909,2,5,1,3.0,At Risk,2
Jeremy Lonsdale,49,6,634.7747999999999,4,3,4,3.5,Potential Loyalists,4
Jeremy Pistek,8,7,605.9323333333333,5,3,4,3.5,Potential Loyalists,4
Jessica Myrick,102,7,288.9071666666667,3,3,2,2.5,About to Sleep,2
Jesus Ocampo,215,5,218.1676,2,2,2,2.0,Hibernating,1
Jill Fjeld,54,8,524.7915,3,4,4,4.0,Loyal Customers,5
Jill Matthias,0,5,60.78959999999999,5,2,1,1.5,New Customers,3
Jill Stevenson,119,4,354.4135,2,1,3,2.0,Hibernating,1
Jim Epp,48,7,1292.4959999999999,4,3,5,4.0,Loyal Customers,5
Jim Karlsson,61,7,537.1468571428571,3,3,4,3.5,Need Attention,2
Jim Kriz,180,9,952.0868,2,5,5,5.0,Can't Lose Them,4
Jim Mitchum,8,5,172.9894,5,2,1,1.5,New Customers,3
Jim Radford,594,2,578.329,1,1,4,2.5,Hibernating,1
Jim Sink,42,4,282.76599999999996,4,1,2,1.5,Promising,3
Jocasta Rupert,68,1,863.88,3,1,5,3.0,Need Attention,2
Joe Elijah,46,10,966.4269999999999,4,5,5,5.0,Loyal Customers,5
Joe Kamberova,84,10,540.8,3,5,4,4.5,Loyal Customers,5
Joel Eaton,51,13,563.40125,4,5,4,4.5,Loyal Customers,5
Joel Jenkins,753,2,97.5,1,1,1,1.0,Lost,1
John Castell,158,9,308.00611111111107,2,5,2,3.5,At Risk,2
John Dryer,117,5,430.4704,2,2,3,2.5,Hibernating,1
John Grady,223,6,251.16966666666667,2,3,2,2.5,Hibernating,1
John Huston,174,6,88.15166666666666,2,3,1,2.0,Hibernating,1
John Lee,21,11,979.9923000000001,5,5,5,5.0,Champions,5
John Lucas,615,6,545.0512,1,3,4,3.5,At Risk,2
John Murray,109,7,1089.2965714285715,2,3,5,4.0,At Risk,2
John Stevenson,535,5,773.604,1,2,5,3.5,At Risk,2
Jonathan Doherty,395,11,845.6515555555557,1,5,5,5.0,Can't Lose Them,4
Jonathan Howell,41,7,191.8954,4,3,1,2.0,Potential Loyalists,4
Joni Blumstein,737,3,450.276,1,1,3,2.0,Hibernating,1
Joni Sundaresam,464,5,93.8338,1,2,1,1.5,Lost,1
Joni Wasserman,5,7,177.72657142857142,5,3,1,2.0,Potential Loyalists,4
Joseph Airdo,92,8,1081.8376666666666,3,4,5,4.5,Loyal Customers,5
Joseph Holt,29,6,1325.833,4,3,5,4.0,Loyal Customers,5
Joy Bell-,43,7,128.82376,4,3,1,2.0,Potential Loyalists,4
Joy Daniels,112,6,77.086,2,3,1,2.0,Hibernating,1
Joy Smith,28,6,419.4156666666667,4,3,3,3.0,Potential Loyalists,4
Julia Barnett,7,5,503.62299999999993,5,2,4,3.0,Potential Loyalists,4
Julia Dunbar,300,3,231.814,1,1,2,1.5,Lost,1
Julia West,462,4,357.18275,1,1,3,2.0,Hibernating,1
Juliana Krohn,28,3,1249.2226666666668,4,1,5,3.0,Potential Loyalists,4
Julie Creighton,57,5,171.7152,3,2,1,1.5,About to Sleep,2
Julie Kriz,117,10,293.2484,2,5,2,3.5,At Risk,2
Julie Prescott,102,9,213.46375,3,5,2,3.5,Need Attention,2
Justin Deggeller,41,8,1103.5038125,4,4,5,4.5,Loyal Customers,5
Justin Ellison,20,3,899.0826666666667,5,1,5,3.0,Potential Loyalists,4
Justin Hirsh,405,4,564.0985000000001,1,1,4,2.5,Hibernating,1
Justin MacKendrick,57,10,283.3926,3,5,2,3.5,Need Attention,2
Justin Ritter,33,5,440.33720000000005,4,2,3,2.5,Potential Loyalists,4
Kalyca Meade,14,6,452.1916,5,3,3,3.0,Potential Loyalists,4
Karen Bern,4,7,525.4358333333333,5,3,4,3.5,Potential Loyalists,4
Karen Carlisle,408,6,424.1908,1,3,3,3.0,At Risk,2
Karen Daniels,485,5,1656.4716,1,2,5,3.5,At Risk,2
Karen Ferguson,97,7,1767.3776666666665,3,3,5,4.0,Loyal Customers,5
Karen Seio,295,3,29.490666666666666,1,1,1,1.0,Lost,1
Karl Braun,296,9,196.183,1,5,2,3.5,At Risk,2
Katharine Harms,40,8,473.26628571428574,4,4,4,4.0,Loyal Customers,5
Katherine Ducich,41,6,314.82733333333334,4,3,2,2.5,Potential Loyalists,4
Katherine Hughes,1,6,620.1224,5,3,4,3.5,Potential Loyalists,4
Katherine Murray,56,8,702.52325,3,4,5,4.5,Loyal Customers,5
Katherine Nockton,19,9,290.808,5,5,2,3.5,Potential Loyalists,4
Katrina Bavinger,117,3,454.4105,2,1,3,2.0,Hibernating,1
Katrina Edelman,26,8,210.8414,5,4,2,3.0,Potential Loyalists,4
Katrina Willman,96,5,883.3039999999999,3,2,5,3.5,Need Attention,2
Kean Nguyen,52,5,434.3924,4,2,3,2.5,Potential Loyalists,4
Kean Takahito,392,7,611.42,1,3,4,3.5,At Risk,2
Kean Thornton,100,10,515.7876000000001,3,5,4,4.5,Loyal Customers,5
Keith Dawkins,112,12,1022.657,2,5,5,5.0,Can't Lose Them,4
Keith Herrera,22,7,850.4084285714287,5,3,5,4.0,Champions,5
Kelly Andreada,36,7,253.251,4,3,2,2.5,Potential Loyalists,4
Kelly Collister,97,4,977.0655,3,1,5,3.0,Need Attention,2
Kelly Lampkin,16,8,627.061,5,4,4,4.0,Champions,5
Kelly Williams,771,4,112.274,1,1,1,1.0,Lost,1
Ken Black,230,12,228.72850000000003,1,5,2,3.5,At Risk,2
Ken Brennan,1,7,196.7844,5,3,2,2.5,Potential Loyalists,4
Ken Dana,289,5,560.8774999999999,1,2,4,3.0,At Risk,2
Ken Heidel,58,9,489.87075000000004,3,5,4,4.5,Loyal Customers,5
Ken Lonsdale,47,12,1288.657181818182,4,5,5,5.0,Loyal Customers,5
Khloe Miller,15,5,90.7076,5,2,1,1.5,New Customers,3
Kimberly Carter,57,4,286.5125,3,1,2,1.5,About to Sleep,2
Kristen Hastings,2,7,855.8284285714286,5,3,5,4.0,Champions,5
Kristina Nunn,98,8,325.79714285714283,3,4,3,3.5,Need Attention,2
Kunst Miller,28,8,701.3531428571429,4,4,5,4.5,Loyal Customers,5
Larry Blacks,48,3,16.729333333333333,4,1,1,1.0,Promising,3
Larry Hughes,151,3,95.80866666666667,2,1,1,1.0,Lost,1
Larry Tron,26,3,109.95866666666666,5,1,1,1.0,New Customers,3
Laura Armstrong,154,11,867.3222,2,5,5,5.0,Can't Lose Them,4
Laurel Beltran,152,8,712.2394285714287,2,4,5,4.5,At Risk,2
Laurel Elliston,21,6,244.90833333333333,5,3,2,2.5,Potential Loyalists,4
Laurel Workman,88,5,447.61220000000003,3,2,3,2.5,About to Sleep,2
Lauren Leatherbury,249,6,456.8673333333333,1,3,3,3.0,At Risk,2
Lela Donovan,553,1,5.304,1,1,1,1.0,Lost,1
Lena Cacioppo,27,8,322.58799999999997,4,4,2,3.0,Potential Loyalists,4
Lena Creighton,16,12,696.6478181818183,5,5,5,5.0,Champions,5
Lena Hernandez,21,9,286.9165,5,5,2,3.5,Potential Loyalists,4
Lena Radford,26,6,857.1486666666666,5,3,5,4.0,Champions,5
Linda Cazamias,41,8,641.8494285714286,4,4,4,4.0,Loyal Customers,5
Linda Southworth,178,6,474.21166666666664,2,3,4,3.5,At Risk,2
Lindsay Castell,437,4,811.6565,1,1,5,3.0,At Risk,2
Lindsay Shagiari,20,9,373.58425,5,5,3,4.0,Champions,5
Lindsay Williams,33,6,646.0616,4,3,4,3.5,Potential Loyalists,4
Lisa DeCherney,415,4,653.978,1,1,4,2.5,Hibernating,1
Lisa Hazard,239,4,79.55975,1,1,1,1.0,Lost,1
Lisa Ryan,132,5,375.8612,2,2,3,2.5,Hibernating,1
Liz Carlisle,54,5,419.01279999999997,3,2,3,2.5,About to Sleep,2
Liz MacKendrick,392,5,269.35479999999995,1,2,2,2.0,Hibernating,1
Liz Pelletier,40,4,189.1515,4,1,1,1.0,Promising,3
Liz Preis,9,7,521.9141428571428,5,3,4,3.5,Potential Loyalists,4
Liz Thompson,34,8,367.0315,4,4,3,3.5,Potential Loyalists,4
Liz Willingham,205,3,419.68,2,1,3,2.0,Hibernating,1
Logan Currie,13,9,376.226,5,5,3,4.0,Champions,5
Logan Haushalter,386,9,248.52700000000002,1,5,2,3.5,At Risk,2
Lori Olson,2,5,128.87,5,2,1,1.5,New Customers,3
Luke Foster,22,7,655.0848333333332,5,3,4,3.5,Potential Loyalists,4
Luke Schmidt,96,6,168.376,3,3,1,2.0,About to Sleep,2
Luke Weiss,21,7,774.3591428571428,5,3,5,4.0,Champions,5
Lycoris Saunders,777,3,122.96000000000002,1,1,1,1.0,Lost,1
Lynn Smith,34,6,168.02266666666668,4,3,1,2.0,Potential Loyalists,4
Magdelene Morse,168,4,328.50575,2,1,3,2.0,Hibernating,1
Marc Crier,76,8,389.426,3,4,3,3.5,Need Attention,2
Marc Harrigan,119,6,399.00416666666666,2,3,3,3.0,At Risk,2
Maria Bertelson,48,10,172.078,4,5,1,3.0,Potential Loyalists,4
Maria Etezadi,42,10,1332.9660000000001,4,5,5,5.0,Loyal Customers,5
Maria Zettner,30,4,148.4015,4,1,1,1.0,Promising,3
Maribeth Dona,117,7,538.0545714285714,2,3,4,3.5,At Risk,2
Maribeth Schnelling,273,10,1063.3842857142859,1,5,5,5.0,Can't Lose Them,4
Maribeth Yedwab,29,7,322.0407142857143,4,3,2,2.5,Potential Loyalists,4
Marina Lichtenstein,69,9,302.5381111111111,3,5,2,3.5,Need Attention,2
Maris LaWare,54,6,486.9166666666667,3,3,4,3.5,Need Attention,2
Mark Cousins,400,5,1108.0345,1,2,5,3.5,At Risk,2
Mark Haberlin,377,4,100.004,1,1,1,1.0,Lost,1
Mark Hamilton,85,8,307.02275000000003,3,4,2,3.0,Need Attention,2
Mark Packer,719,7,458.01885714285714,1,3,3,3.0,At Risk,2
Mark Van Huff,27,9,173.33888888888887,4,5,1,3.0,Potential Loyalists,4
Mary O'Rourke,72,4,230.62175,3,1,2,1.5,About to Sleep,2
Mary Zewe,282,6,512.9812,1,3,4,3.5,At Risk,2
MaryBeth Skach,435,4,158.552,1,1,1,1.0,Lost,1
Mathew Reese,125,4,159.7945,2,1,1,1.0,Lost,1
Matt Abelman,64,11,614.1658571428571,3,5,4,4.5,Loyal Customers,5
Matt Collins,27,8,162.986625,4,4,1,2.5,Potential Loyalists,4
Matt Collister,51,6,404.3445,4,3,3,3.0,Potential Loyalists,4
Matt Connell,112,8,282.274,2,4,2,3.0,At Risk,2
Matt Hagelstein,155,4,417.59999999999997,2,1,3,2.0,Hibernating,1
Matthew Clasen,189,4,198.7885,2,1,2,1.5,Lost,1
Matthew Grinstein,29,7,540.7537142857143,4,3,4,3.5,Potential Loyalists,4
Maureen Fritzler,422,5,187.4078,1,2,1,1.5,Lost,1
Maureen Gastineau,92,4,587.547,3,1,4,2.5,About to Sleep,2
Maureen Gnade,556,3,447.4273333333333,1,1,3,2.0,Hibernating,1
Maurice Satty,414,6,268.9003333333333,1,3,2,2.5,Hibernating,1
Max Engle,28,8,238.55665,4,4,2,3.0,Potential Loyalists,4
Max Jones,22,7,902.9637142857143,5,3,5,4.0,Champions,5
Max Ludwig,29,7,345.31899999999996,4,3,3,3.0,Potential Loyalists,4
Maxwell Schwartz,121,9,393.08475,2,5,3,4.0,At Risk,2
Maya Herman,98,7,314.82542857142863,3,3,2,2.5,About to Sleep,2
Meg O'Connel,104,8,281.17116666666664,2,4,2,3.0,At Risk,2
Meg Tillman,49,6,481.68983333333335,4,3,4,3.5,Potential Loyalists,4
Melanie Seite,453,4,92.587,1,1,1,1.0,Lost,1
Michael Chen,1,7,634.2856666666667,5,3,4,3.5,Potential Loyalists,4
Michael Dominguez,36,5,240.98200000000003,4,2,2,2.0,Potential Loyalists,4
Michael Grace,116,5,248.56659999999997,2,2,2,2.0,Hibernating,1
Michael Granlund,99,9,86.26488888888889,3,5,1,3.0,Need Attention,2
Michael Kennedy,28,8,287.796,4,4,2,3.0,Potential Loyalists,4
Michael Moore,7,11,379.408,5,5,3,4.0,Champions,5
Michael Nguyen,34,6,495.5892,4,3,4,3.5,Potential Loyalists,4
Michael Oakman,180,2,77.144,2,1,1,1.0,Lost,1
Michael Paige,72,9,569.0917142857144,3,5,4,4.5,Loyal Customers,5
Michael Stewart,26,6,142.51933333333332,5,3,1,2.0,Potential Loyalists,4
Michelle Arnett,186,6,490.65680000000003,2,3,4,3.5,At Risk,2
Michelle Ellison,92,4,314.236,3,1,2,1.5,About to Sleep,2
Michelle Huthwaite,49,5,596.9896,4,2,4,3.0,Potential Loyalists,4
Michelle Lonsdale,79,3,247.36066666666667,3,1,2,1.5,About to Sleep,2
Michelle Moray,61,8,343.735125,3,4,3,3.5,Need Attention,2
Michelle Tran,203,4,329.86245,2,1,3,2.0,Hibernating,1
Mick Brown,44,7,204.033,4,3,2,2.5,Potential Loyalists,4
Mick Crebagga,41,10,246.55333333333334,4,5,2,3.5,Potential Loyalists,4
Mick Hernandez,5,9,687.886625,5,5,5,5.0,Champions,5
Mike Caudle,370,5,316.39959999999996,1,2,2,2.0,Hibernating,1
Mike Gockenbach,84,4,765.38575,3,1,5,3.0,Need Attention,2
Mike Kennedy,240,4,343.86733333333336,1,1,3,2.0,Hibernating,1
Mike Pelletier,16,9,635.99,5,5,4,4.5,Champions,5
Mike Vittorini,19,7,247.79628571428572,5,3,2,2.5,Potential Loyalists,4
Mitch Gastineau,264,1,16.739,1,1,1,1.0,Lost,1
Mitch Webber,17,7,763.1285714285715,5,3,5,4.0,Champions,5
Mitch Willingham,44,2,2626.938,4,1,5,3.0,Potential Loyalists,4
Monica Federle,7,5,351.65999999999997,5,2,3,2.5,Potential Loyalists,4
Muhammed Lee,100,2,81.116,3,1,1,1.0,About to Sleep,2
Muhammed MacIntyre,85,9,86.1571111111111,3,5,1,3.0,Need Attention,2
Muhammed Yedwab,71,11,461.41066666666666,3,5,3,4.0,Loyal Customers,5
Nancy Lomonaco,58,4,354.52250000000004,3,1,3,2.0,About to Sleep,2
Naresj Patel,25,6,921.6033333333334,5,3,5,4.0,Champions,5
Nat Carroll,224,5,492.2808,2,2,4,3.0,At Risk,2
Nat Gilpin,48,5,373.916,4,2,3,2.5,Potential Loyalists,4
Natalie DeCherney,27,9,480.6821111111111,4,5,4,4.5,Loyal Customers,5
Natalie Fritzler,79,7,1188.9751428571428,3,3,5,4.0,Loyal Customers,5
Natalie Webber,172,7,1033.4305714285715,2,3,5,4.0,At Risk,2
Nathan Cano,41,6,369.8316666666667,4,3,3,3.0,Potential Loyalists,4
Nathan Gelder,48,5,348.98449999999997,4,2,3,2.5,Potential Loyalists,4
Nathan Mautz,160,7,1291.8688,2,3,5,4.0,At Risk,2
Neil Ducich,183,6,578.691,2,3,4,3.5,At Risk,2
Neil Französisch,526,4,94.29050000000001,1,1,1,1.0,Lost,1
Neil Knudson,70,7,95.34133333333334,3,3,1,2.0,About to Sleep,2
Neola Schneider,6,4,643.96575,5,1,4,2.5,Potential Loyalists,4
Neoma Murray,244,10,270.247375,1,5,2,3.5,At Risk,2
Nick Crebassa,6,7,1373.6231666666665,5,3,5,4.0,Champions,5
Nick Radford,210,5,473.4554,2,2,4,3.0,At Risk,2
Nick Zandusky,85,9,311.03875,3,5,2,3.5,Need Attention,2
Nicole Brennan,1165,2,136.93599999999998,1,1,1,1.0,Lost,1
Nicole Fjeld,114,7,290.2102857142857,2,3,2,2.5,Hibernating,1
Nicole Hansen,189,7,381.8985714285714,2,3,3,3.0,At Risk,2
Noah Childs,204,5,364.34839999999997,2,2,3,2.5,Hibernating,1
Noel Staavos,174,13,296.4823,2,5,2,3.5,At Risk,2
Nona Balk,19,9,219.17766666666665,5,5,2,3.5,Potential Loyalists,4
Nora Paige,58,5,781.6804,3,2,5,3.5,Need Attention,2
Nora Pelletier,407,6,204.78300000000002,1,3,2,2.5,Hibernating,1
Nora Preis,138,7,1317.1970833333332,2,3,5,4.0,At Risk,2
Odella Nelson,411,9,195.94,1,5,2,3.5,At Risk,2
Olvera Toch,65,5,763.7248,3,2,5,3.5,Need Attention,2
Pamela Coakley,2,4,610.688,5,1,4,2.5,Potential Loyalists,4
Pamela Stobb,107,6,363.5798333333333,2,3,3,3.0,At Risk,2
Parhena Norris,30,8,293.4304,4,4,2,3.0,Potential Loyalists,4
Patricia Hirasaki,70,1,729.648,3,1,5,3.0,Need Attention,2
Patrick Bzostek,25,3,246.78533333333334,5,1,2,1.5,New Customers,3
Patrick Gardner,36,13,257.24225,4,5,2,3.5,Potential Loyalists,4
Patrick Jones,39,8,203.34833333333333,4,4,2,3.0,Potential Loyalists,4
Patrick O'Brill,4,11,747.38282,5,5,5,5.0,Champions,5
Patrick O'Donnell,0,7,415.53566666666666,5,3,3,3.0,Potential Loyalists,4
Patrick Ryan,36,5,368.03560000000004,4,2,3,2.5,Potential Loyalists,4
Paul Gonzalez,57,9,248.3955,3,5,2,3.5,Need Attention,2
Paul Knutson,484,2,720.576,1,1,5,3.0,At Risk,2
Paul Lucas,15,5,47.8962,5,2,1,1.5,New Customers,3
Paul MacIntyre,387,3,468.46733333333333,1,1,3,2.0,Hibernating,1
Paul Prost,97,10,805.8453333333333,3,5,5,5.0,Loyal Customers,5
Paul Stevenson,69,8,182.66271428571426,3,4,1,2.5,About to Sleep,2
Paul Van Hugh,89,5,575.2092,3,2,4,3.0,Need Attention,2
Pauline Chand,882,2,530.744,1,1,4,2.5,Hibernating,1
Pauline Johnson,134,7,260.60485714285716,2,3,2,2.5,Hibernating,1
Pauline Webber,46,10,383.87955555555556,4,5,3,4.0,Loyal Customers,5
Penelope Sewall,236,7,977.662,1,3,5,4.0,At Risk,2
Pete Armstrong,103,6,121.568,3,3,1,2.0,About to Sleep,2
Pete Kriz,9,12,864.6933999999999,5,5,5,5.0,Champions,5
Pete Takahito,71,4,40.143,3,1,1,1.0,About to Sleep,2
Peter Bühler,57,4,172.081,3,1,1,1.0,About to Sleep,2
Peter Fuller,835,4,2265.716,1,1,5,3.0,At Risk,2
Peter McVee,51,4,1371.8873333333333,4,1,5,3.0,Potential Loyalists,4
Philip Brown,97,8,208.1357142857143,3,4,2,3.0,Need Attention,2
Philip Fox,196,6,461.6666666666667,2,3,3,3.0,At Risk,2
Philisse Overcash,160,9,611.630375,2,5,4,4.5,At Risk,2
Phillina Ober,86,5,264.2145,3,2,2,2.0,About to Sleep,2
Phillip Breyer,688,2,66.369,1,1,1,1.0,Lost,1
Phillip Flathmann,114,5,551.5319999999999,2,2,4,3.0,At Risk,2
Pierre Wener,465,7,560.345,1,3,4,3.5,At Risk,2
Quincy Jones,25,9,763.54225,5,5,5,5.0,Champions,5
Rachel Payne,497,4,238.6613,1,1,2,1.5,Lost,1
Ralph Arnett,5,9,327.23825,5,5,3,4.0,Champions,5
Ralph Kennedy,119,3,486.73066666666665,2,1,4,2.5,Hibernating,1
Ralph Ritter,19,2,307.966,5,1,2,1.5,New Customers,3
Randy Bradley,68,2,504.09799999999996,3,1,4,2.5,About to Sleep,2
Randy Ferguson,391,8,413.64375,1,4,3,3.5,At Risk,2
Raymond Buch,96,6,2519.5565,3,3,5,4.0,Loyal Customers,5
Raymond Messe,346,6,242.24566666666666,1,3,2,2.5,Hibernating,1
Resi Pölking,33,12,515.3084,4,5,4,4.5,Loyal Customers,5
Ricardo Emerson,1097,1,48.36,1,1,1,1.0,Lost,1
Ricardo Sperren,76,5,644.258,3,2,4,3.0,Need Attention,2
Richard Bierner,19,8,380.44085714285717,5,4,3,3.5,Potential Loyalists,4
Richard Eichhorn,302,5,175.3392,1,2,1,1.5,Lost,1
Rick Bensley,9,12,523.9406666666667,5,5,4,4.5,Champions,5
Rick Duston,72,8,534.11625,3,4,4,4.0,Loyal Customers,5
Rick Hansen,32,5,724.2751999999999,4,2,5,3.5,Potential Loyalists,4
Rick Huthwaite,468,6,1163.1966666666667,1,3,5,4.0,At Risk,2
Rick Reed,170,6,660.4523999999999,2,3,4,3.5,At Risk,2
Rick Wilson,120,7,1479.4802,2,3,5,4.0,At Risk,2
Ritsa Hightower,520,2,370.191,1,1,3,2.0,Hibernating,1
Rob Beeghly,25,5,132.1365,5,2,1,1.5,New Customers,3
Rob Dowd,180,10,323.65488888888893,2,5,3,4.0,At Risk,2
Rob Haberlin,535,3,695.2466666666668,1,1,5,3.0,At Risk,2
Rob Lucas,121,8,779.36375,2,4,5,4.5,At Risk,2
Rob Williams,89,9,409.96825,3,5,3,4.0,Loyal Customers,5
Robert Barroso,649,5,55.271,1,2,1,1.5,Lost,1
Robert Dilbeck,114,5,557.3264,2,2,4,3.0,At Risk,2
Robert Marley,6,5,1993.0320000000002,5,2,5,3.5,Potential Loyalists,4
Robert Waldorf,79,5,699.1292000000001,3,2,5,3.5,Need Attention,2
Roger Barcio,54,4,516.8625,3,1,4,2.5,About to Sleep,2
Roger Demir,21,10,157.74855555555555,5,5,1,3.0,Potential Loyalists,4
Roland Fjeld,89,7,334.4708571428572,3,3,3,3.0,Need Attention,2
Roland Murray,299,1,98.35,1,1,1,1.0,Lost,1
Roland Schwarz,36,8,519.9712499999999,4,4,4,4.0,Loyal Customers,5
Rose O'Brian,35,7,635.913,4,3,4,3.5,Potential Loyalists,4
Ross Baird,32,8,704.1645000000001,4,4,5,4.5,Loyal Customers,5
Ross DeVincentis,14,8,142.202,5,4,1,2.5,Potential Loyalists,4
Roy Collins,370,6,193.2818,1,3,1,2.0,Hibernating,1
Roy Französisch,6,8,118.15275,5,4,1,2.5,Potential Loyalists,4
Roy Phan,28,8,310.1022857142857,4,4,2,3.0,Potential Loyalists,4
Roy Skaria,19,2,11.164,5,1,1,1.0,New Customers,3
Ruben Ausman,43,7,638.7189999999999,4,3,4,3.5,Potential Loyalists,4
Ruben Dartt,114,9,391.7405,2,5,3,4.0,At Risk,2
Russell Applegate,12,9,532.6158888888889,5,5,4,4.5,Champions,5
Russell D'Ascenzo,42,4,242.73550000000003,4,1,2,1.5,Promising,3
Ryan Akin,61,5,337.3845,3,2,3,2.5,About to Sleep,2
Ryan Crowe,110,6,177.1504,2,3,1,2.0,Hibernating,1
Sally Hughsby,29,13,309.7126818181818,4,5,2,3.5,Potential Loyalists,4
Sally Knutson,8,3,294.4696666666667,5,1,2,1.5,New Customers,3
Sally Matthias,422,4,61.12349999999999,1,1,1,1.0,Lost,1
Sam Craven,781,5,672.59272,1,2,4,3.0,At Risk,2
Sam Zeldin,35,11,453.166125,4,5,3,4.0,Loyal Customers,5
Sample Company A,40,9,578.0715,4,5,4,4.5,Loyal Customers,5
Sandra Flanagan,59,7,109.07799999999999,3,3,1,2.0,About to Sleep,2
Sandra Glassco,8,3,1135.5269999999998,5,1,5,3.0,Potential Loyalists,4
Sanjit Chand,350,9,1767.7917499999999,1,5,5,5.0,Can't Lose Them,4
Sanjit Engle,9,11,1109.9489090909092,5,5,5,5.0,Champions,5
Sanjit Jacobs,95,12,438.85066666666665,3,5,3,4.0,Loyal Customers,5
Saphhira Shifley,15,8,165.5035,5,4,1,2.5,Potential Loyalists,4
Sara Luxemburg,70,7,436.14457142857145,3,3,3,3.0,Need Attention,2
Sarah Bern,201,3,449.34,2,1,3,2.0,Hibernating,1
Sarah Brown,188,6,1282.1992,2,3,5,4.0,At Risk,2
Sarah Foster,59,9,380.3095555555555,3,5,3,4.0,Loyal Customers,5
Sarah Jordon,29,6,223.506,4,3,2,2.5,Potential Loyalists,4
Scot Coram,149,4,1092.9895000000001,2,1,5,3.0,At Risk,2
Scot Wooten,81,7,155.01114285714286,3,3,1,2.0,About to Sleep,2
Scott Cohen,187,8,466.22412499999996,2,4,3,3.5,At Risk,2
Scott Williamson,30,6,491.6625,4,3,4,3.5,Potential Loyalists,4
Sean Braxton,47,7,1342.9818333333333,4,3,5,4.0,Loyal Customers,5
Sean Christensen,29,7,568.4378571428572,4,3,4,3.5,Potential Loyalists,4
Sean Miller,79,5,5008.61,3,2,5,3.5,Need Attention,2
Sean O'Donnell,29,6,433.76258333333334,4,3,3,3.0,Potential Loyalists,4
Sean Wendt,162,3,509.522,2,1,4,2.5,Hibernating,1
Seth Vernon,101,10,1274.55,3,5,5,5.0,Loyal Customers,5
Shahid Collister,30,9,665.8373333333334,4,5,4,4.5,Loyal Customers,5
Shahid Hopkins,23,10,242.302,5,5,2,3.5,Potential Loyalists,4
Shahid Shariari,110,6,611.3614,2,3,4,3.5,At Risk,2
Sharelle Roach,8,5,808.37025,5,2,5,3.5,Potential Loyalists,4
Shaun Chance,36,7,312.49966666666666,4,3,2,2.5,Potential Loyalists,4
Shaun Weien,162,7,486.924,2,3,4,3.5,At Risk,2
Sheri Gordon,183,8,235.59975,2,4,2,3.0,At Risk,2
Shirley Daniels,200,9,680.1237777777777,2,5,4,4.5,At Risk,2
Shirley Jackson,253,5,263.7552,1,2,2,2.0,Hibernating,1
Shirley Schmidt,492,3,204.46666666666667,1,1,2,1.5,Lost,1
Shui Tom,125,7,61.90571428571429,2,3,1,2.0,Hibernating,1
Sibella Parks,328,6,261.2172,1,3,2,2.5,Hibernating,1
Skye Norling,111,6,310.06966666666665,2,3,2,2.5,Hibernating,1
Sonia Cooley,92,5,180.5456,3,2,1,1.5,About to Sleep,2
Sonia Sunley,433,6,69.74833333333333,1,3,1,2.0,Hibernating,1
Speros Goranitis,108,6,520.8053333333334,2,3,4,3.5,At Risk,2
Stefania Perrino,47,9,680.039875,4,5,4,4.5,Loyal Customers,5
Stefanie Holloman,765,2,1048.196,1,1,5,3.0,At Risk,2
Stephanie Phelps,387,9,234.05450000000002,1,5,2,3.5,At Risk,2
Stephanie Ulpright,20,7,370.76628571428574,5,3,3,3.0,Potential Loyalists,4
Steve Carroll,126,6,209.10666666666668,2,3,2,2.5,Hibernating,1
Steve Chapman,89,10,322.051,3,5,2,3.5,Need Attention,2
Steve Nguyen,79,7,446.85131428571424,3,3,3,3.0,Need Attention,2
Steven Cartwright,187,11,522.621,2,5,4,4.5,At Risk,2
Steven Roelle,196,8,620.8408571428571,2,4,4,4.0,At Risk,2
Steven Ward,535,2,379.34799999999996,1,1,3,2.0,Hibernating,1
Stewart Carmichael,41,7,748.7761666666667,4,3,5,4.0,Loyal Customers,5
Stewart Visinsky,321,9,586.4721428571429,1,5,4,4.5,At Risk,2
Stuart Calhoun,30,4,69.81400000000001,4,1,1,1.0,Promising,3
Stuart Van,76,4,317.77250000000004,3,1,2,1.5,About to Sleep,2
Sue Ann Reed,63,10,529.7046111111111,3,5,4,4.5,Loyal Customers,5
Sung Chung,131,2,140.316,2,1,1,1.0,Lost,1
Sung Pak,79,10,475.8822222222222,3,5,4,4.5,Loyal Customers,5
Sung Shariari,120,5,192.9272,2,2,1,1.5,Lost,1
Susan Gilcrest,226,3,15.982,1,1,1,1.0,Lost,1
Susan MacKendrick,607,1,1043.041,1,1,5,3.0,At Risk,2
Susan Pistek,70,6,665.1148333333333,3,3,4,3.5,Need Attention,2
Susan Vittorini,2,8,317.2485,5,4,2,3.0,Potential Loyalists,4
Suzanne McNair,25,12,463.616,5,5,3,4.0,Champions,5
Sylvia Foulston,48,9,370.7261111111111,4,5,3,4.0,Loyal Customers,5
Tamara Chand,400,5,3810.4436,1,2,5,3.5,At Risk,2
Tamara Dahlen,37,9,204.93542857142862,4,5,2,3.5,Potential Loyalists,4
Tamara Manning,103,8,422.1751428571428,3,4,3,3.5,Need Attention,2
Tamara Willingham,64,7,754.118,3,3,5,4.0,Loyal Customers,5
Tanja Norvell,90,7,447.17442857142856,3,3,3,3.0,Need Attention,2
Ted Butterfield,119,5,293.57620000000003,2,2,2,2.0,Hibernating,1
Ted Trevino,31,7,819.2669999999999,4,3,5,4.0,Loyal Customers,5
Thais Sissman,358,2,2.4165,1,1,1,1.0,Lost,1
Thea Hendricks,345,5,484.5648,1,2,4,3.0,At Risk,2
Thea Hudgings,58,4,735.693,3,1,5,3.0,Need Attention,2
Theone Pippenger,8,9,556.7570000000001,5,5,4,4.5,Champions,5
Theresa Coyne,106,1,1038.26,2,1,5,3.0,At Risk,2
Theresa Swint,505,6,432.7248000000001,1,3,3,3.0,At Risk,2
Thomas Boland,58,4,1196.432,3,1,5,3.0,Need Attention,2
Thomas Brumley,49,4,272.05800000000005,4,1,2,1.5,Promising,3
Thomas Seio,198,7,767.2985714285714,2,3,5,4.0,At Risk,2
Thomas Thornton,183,8,178.38049999999998,2,4,1,2.5,Hibernating,1
Tiffany House,117,8,146.0287142857143,2,4,1,2.5,Hibernating,1
Tim Brockman,350,7,228.91085714285714,1,3,2,2.5,Hibernating,1
Tim Taslimi,407,3,146.5,1,1,1,1.0,Lost,1
Toby Braunhardt,584,6,439.68999999999994,1,3,3,3.0,At Risk,2
Toby Carlisle,27,8,609.5445714285714,4,4,4,4.0,Loyal Customers,5
Toby Gnade,338,5,611.6744,1,2,4,3.0,At Risk,2
Toby Ritter,193,5,168.98549999999997,2,2,1,1.5,Lost,1
Toby Swindell,226,5,194.95639999999997,1,2,1,1.5,Lost,1
Todd Boyes,146,5,166.8656,2,2,1,1.5,Lost,1
Todd Sumrall,36,6,1981.9585,4,3,5,4.0,Loyal Customers,5
Tom Ashbrook,69,4,3648.905,3,1,5,3.0,Need Attention,2
Tom Boeckenhauer,202,7,1304.8557142857142,2,3,5,4.0,At Risk,2
Tom Prescott,104,5,1065.80096,2,2,5,3.5,At Risk,2
Tom Stivers,172,5,410.828,2,2,3,2.5,Hibernating,1
Tonja Turnell,12,7,766.4011428571429,5,3,5,4.0,Champions,5
Tony Chapman,153,9,177.8537142857143,2,5,1,3.0,At Risk,2
Tony Molinari,130,3,364.8926666666666,2,1,3,2.0,Hibernating,1
Tony Sayre,11,6,373.87899999999996,5,3,3,3.0,Potential Loyalists,4
Tracy Blumstein,107,9,676.7837142857143,2,5,4,4.5,At Risk,2
Tracy Collins,4,7,123.75966666666669,5,3,1,2.0,Potential Loyalists,4
Tracy Hopkins,72,7,604.8708571428572,3,3,4,3.5,Need Attention,2
Tracy Poddar,351,4,484.15999999999997,1,1,4,2.5,Hibernating,1
Tracy Zic,35,4,426.8215,4,1,3,2.0,Potential Loyalists,4
Troy Blackwell,285,5,277.5118,1,2,2,2.0,Hibernating,1
Troy Staebel,55,7,564.0848,3,3,4,3.5,Need Attention,2
Trudy Brown,30,9,349.7085,4,5,3,4.0,Loyal Customers,5
Trudy Glocke,114,4,518.66525,2,1,4,2.5,Hibernating,1
Trudy Schmidt,238,5,673.6188,1,2,4,3.0,At Risk,2
Valerie Dominguez,582,6,1288.4508,1,3,5,4.0,At Risk,2
Valerie Mitchum,54,7,350.69514285714286,3,3,3,3.0,Need Attention,2
Valerie Takahito,1000,2,868.298,1,1,5,3.0,At Risk,2
Vicky Freymann,13,5,169.5888,5,2,1,1.5,New Customers,3
Victor Preis,30,3,331.30066666666664,4,1,3,2.0,Potential Loyalists,4
Victoria Brennan,54,6,334.266,3,3,3,3.0,Need Attention,2
Victoria Pisteka,75,7,480.07514285714285,3,3,4,3.5,Need Attention,2
Victoria Wilson,28,10,681.5597777777779,4,5,5,5.0,Loyal Customers,5
Vivek Gonzalez,154,6,169.202,2,3,1,2.0,Hibernating,1
Vivek Grady,286,5,85.4744,1,2,1,1.5,Lost,1
Vivek Sundaresam,221,4,263.99525,2,1,2,1.5,Lost,1
Vivian Mathis,117,5,76.138,2,2,1,1.5,Lost,1
William Brown,20,11,616.0101999999999,5,5,4,4.5,Champions,5
Xylona Preis,43,11,296.83225,4,5,2,3.5,Potential Loyalists,4
Yana Sorensen,9,8,840.0554999999999,5,4,5,4.5,Champions,5
Yoseph Carroll,4,5,1090.8700000000001,5,2,5,3.5,Potential Loyalists,4
Zuschuss Carroll,54,13,891.7452222222223,3,5,5,5.0,Loyal Customers,5
Zuschuss Donatelli,202,5,298.7888,2,2,2,2.0,Hibernating,1
